37	1	plant; animal	NONE	?	?
37	2	plant; animal	NONE	?	?
37	3	plant; animal	NONE	?	?
37	4	plant; animal	NONE	?	?
37	5	plant; animal	NONE	?	?
37	6	plant; animal	NONE	?	?
37	1	soft tissues	NONE	?	?
37	2	soft tissues	NONE	?	?
37	3	soft tissues	DESTROY	?	-
37	4	soft tissues	NONE	-	-
37	5	soft tissues	NONE	-	-
37	6	soft tissues	NONE	-	-
37	1	bones	NONE	?	?
37	2	bones	NONE	?	?
37	3	bones	NONE	?	?
37	4	bones	NONE	?	?
37	5	bones	NONE	?	?
37	6	bones	NONE	?	?
37	1	mineral	NONE	?	?
37	2	mineral	NONE	?	?
37	3	mineral	NONE	?	?
37	4	mineral	NONE	?	?
37	5	mineral	NONE	?	?
37	6	mineral	NONE	?	?
37	1	fossils	NONE	-	-
37	2	fossils	NONE	-	-
37	3	fossils	NONE	-	-
37	4	fossils	NONE	-	-
37	5	fossils	NONE	-	-
37	6	fossils	CREATE	-	?
38	1	animal; body	MOVE	body	?
38	2	animal; body	NONE	?	?
38	3	animal; body	MOVE	?	sandy or wet place
38	4	animal; body	NONE	sandy or wet place	sandy or wet place
38	5	animal; body	NONE	sandy or wet place	sandy or wet place
38	6	animal; body	NONE	sandy or wet place	sandy or wet place
38	7	animal; body	NONE	sandy or wet place	sandy or wet place
38	1	soil	NONE	-	-
38	2	soil	NONE	-	-
38	3	soil	NONE	-	-
38	4	soil	CREATE	-	around the body
38	5	soil	NONE	around the body	around the body
38	6	soil	NONE	around the body	around the body
38	7	soil	NONE	around the body	around the body
38	1	rock	NONE	?	?
38	2	rock	NONE	?	?
38	3	rock	NONE	?	?
38	4	rock	NONE	?	?
38	5	rock	NONE	?	?
38	6	rock	NONE	?	?
38	7	rock	NONE	?	?
38	1	fossil	NONE	-	-
38	2	fossil	NONE	-	-
38	3	fossil	NONE	-	-
38	4	fossil	NONE	-	-
38	5	fossil	NONE	-	-
38	6	fossil	CREATE	-	?
38	7	fossil	NONE	?	?
67	1	plants; dead plants	DESTROY	?	-
67	2	plants; dead plants	NONE	-	-
67	3	plants; dead plants	CREATE	-	bottom of the swamp
67	4	plants; dead plants	MOVE	bottom of the swamp	area
67	5	plants; dead plants	NONE	area	area
67	6	plants; dead plants	NONE	area	area
67	7	plants; dead plants	NONE	area	area
67	8	plants; dead plants	NONE	area	area
67	9	plants; dead plants	NONE	area	area
67	1	peat	NONE	-	-
67	2	peat	NONE	-	-
67	3	peat	NONE	-	-
67	4	peat	NONE	-	-
67	5	peat	CREATE	-	area
67	6	peat	NONE	area	area
67	7	peat	NONE	area	area
67	8	peat	NONE	area	area
67	9	peat	DESTROY	area	-
67	1	coal	NONE	-	-
67	2	coal	NONE	-	-
67	3	coal	NONE	-	-
67	4	coal	NONE	-	-
67	5	coal	NONE	-	-
67	6	coal	NONE	-	-
67	7	coal	NONE	-	-
67	8	coal	NONE	-	-
67	9	coal	CREATE	-	area
68	1	plants; trees	DESTROY	?	-
68	2	plants; trees	NONE	-	-
68	3	plants; trees	NONE	-	-
68	4	plants; trees	NONE	-	-
68	5	plants; trees	NONE	-	-
68	6	plants; trees	NONE	-	-
68	7	plants; trees	NONE	-	-
68	1	plant and tree remains	NONE	?	?
68	2	plant and tree remains	NONE	?	?
68	3	plant and tree remains	NONE	?	?
68	4	plant and tree remains	NONE	?	?
68	5	plant and tree remains	NONE	?	?
68	6	plant and tree remains	NONE	?	?
68	7	plant and tree remains	NONE	?	?
68	1	peat; burial peat	NONE	-	-
68	2	peat; burial peat	NONE	-	-
68	3	peat; burial peat	NONE	-	-
68	4	peat; burial peat	CREATE	-	?
68	5	peat; burial peat	NONE	?	?
68	6	peat; burial peat	NONE	?	?
68	7	peat; burial peat	NONE	?	?
68	1	water	NONE	?	?
68	2	water	NONE	?	?
68	3	water	NONE	?	?
68	4	water	NONE	?	?
68	5	water	NONE	?	?
68	6	water	NONE	?	?
68	7	water	NONE	?	?
68	1	heat	NONE	?	?
68	2	heat	NONE	?	?
68	3	heat	NONE	?	?
68	4	heat	NONE	?	?
68	5	heat	NONE	?	?
68	6	heat	NONE	?	?
68	7	heat	NONE	?	?
68	1	coal	NONE	-	-
68	2	coal	NONE	-	-
68	3	coal	NONE	-	-
68	4	coal	NONE	-	-
68	5	coal	NONE	-	-
68	6	coal	NONE	-	-
68	7	coal	CREATE	-	?
69	1	plants;trees	DESTROY	?	-
69	2	plants;trees	NONE	-	-
69	3	plants;trees	NONE	-	-
69	4	plants;trees	NONE	-	-
69	5	plants;trees	NONE	-	-
69	6	plants;trees	NONE	-	-
69	7	plants;trees	NONE	-	-
69	1	peat	NONE	-	-
69	2	peat	NONE	-	-
69	3	peat	CREATE	-	?
69	4	peat	NONE	?	?
69	5	peat	NONE	?	?
69	6	peat	NONE	?	?
69	7	peat	NONE	?	?
69	1	sand	NONE	?	?
69	2	sand	NONE	?	?
69	3	sand	NONE	?	?
69	4	sand	MOVE	?	peat
69	5	sand	DESTROY	peat	-
69	6	sand	NONE	-	-
69	7	sand	NONE	-	-
69	1	clay	NONE	?	?
69	2	clay	NONE	?	?
69	3	clay	NONE	?	?
69	4	clay	MOVE	?	peat
69	5	clay	DESTROY	peat	-
69	6	clay	NONE	-	-
69	7	clay	NONE	-	-
69	1	sedimentary rocks	NONE	-	-
69	2	sedimentary rocks	NONE	-	-
69	3	sedimentary rocks	NONE	-	-
69	4	sedimentary rocks	NONE	-	-
69	5	sedimentary rocks	CREATE	-	?
69	6	sedimentary rocks	NONE	?	?
69	7	sedimentary rocks	NONE	?	?
69	1	pressure	NONE	?	?
69	2	pressure	NONE	?	?
69	3	pressure	NONE	?	?
69	4	pressure	NONE	?	?
69	5	pressure	NONE	?	?
69	6	pressure	NONE	?	?
69	7	pressure	NONE	?	?
69	1	water	NONE	?	?
69	2	water	NONE	?	?
69	3	water	NONE	?	?
69	4	water	NONE	?	?
69	5	water	NONE	?	?
69	6	water	NONE	?	?
69	7	water	NONE	?	?
69	1	coal	NONE	-	-
69	2	coal	NONE	-	-
69	3	coal	NONE	-	-
69	4	coal	NONE	-	-
69	5	coal	NONE	-	-
69	6	coal	NONE	-	-
69	7	coal	CREATE	-	?
70	1	rain	NONE	?	?
70	2	rain	NONE	?	?
70	3	rain	NONE	?	?
70	4	rain	NONE	?	?
70	5	rain	NONE	?	?
70	6	rain	NONE	?	?
70	7	rain	NONE	?	?
70	8	rain	NONE	?	?
70	1	water	NONE	river or lake	river or lake
70	2	water	NONE	river or lake	river or lake
70	3	water	MOVE	river or lake	ground
70	4	water	MOVE	ground	street
70	5	water	MOVE	street	house
70	6	water	NONE	house	house
70	7	water	MOVE	house	water
70	8	water	NONE	water	water
70	1	streams	NONE	?	?
70	2	streams	NONE	?	?
70	3	streams	NONE	?	?
70	4	streams	NONE	?	?
70	5	streams	NONE	?	?
70	6	streams	NONE	?	?
70	7	streams	NONE	?	?
70	8	streams	NONE	?	?
70	1	water levels	NONE	river or lake	river or lake
70	2	water levels	NONE	river or lake	river or lake
70	3	water levels	NONE	river or lake	river or lake
70	4	water levels	NONE	river or lake	river or lake
70	5	water levels	NONE	river or lake	river or lake
70	6	water levels	NONE	river or lake	river or lake
70	7	water levels	NONE	river or lake	river or lake
70	8	water levels	NONE	river or lake	river or lake
99	1	rain clouds	MOVE	?	sky
99	2	rain clouds	NONE	sky	sky
99	3	rain clouds	NONE	sky	sky
99	4	rain clouds	NONE	sky	sky
99	5	rain clouds	NONE	sky	sky
99	6	rain clouds	NONE	sky	sky
99	7	rain clouds	NONE	sky	sky
99	1	rain	MOVE	?	sky
99	2	rain	NONE	sky	sky
99	3	rain	NONE	sky	sky
99	4	rain	MOVE	sky	side of the mountain
99	5	rain	NONE	side of the mountain	side of the mountain
99	6	rain	MOVE	side of the mountain	area
99	7	rain	NONE	area	area
99	1	clouds	MOVE	?	sky
99	2	clouds	NONE	sky	sky
99	3	clouds	NONE	sky	sky
99	4	clouds	NONE	sky	sky
99	5	clouds	NONE	sky	sky
99	6	clouds	NONE	sky	sky
99	7	clouds	NONE	sky	sky
99	1	a very different ecosystem	NONE	-	-
99	2	a very different ecosystem	NONE	-	-
99	3	a very different ecosystem	NONE	-	-
99	4	a very different ecosystem	NONE	-	-
99	5	a very different ecosystem	NONE	-	-
99	6	a very different ecosystem	CREATE	-	area that receive little rain
99	7	a very different ecosystem	NONE	area that receive little rain	area that receive little rain
99	1	desert	NONE	-	-
99	2	desert	NONE	-	-
99	3	desert	NONE	-	-
99	4	desert	NONE	-	-
99	5	desert	NONE	-	-
99	6	desert	NONE	-	-
99	7	desert	CREATE	-	area that receive little rain
152	1	water vapor ; lifted vapor ; vapor	NONE	atmosphere	atmosphere
152	2	water vapor ; lifted vapor ; vapor	NONE	atmosphere	atmosphere
152	3	water vapor ; lifted vapor ; vapor	NONE	atmosphere	atmosphere
152	4	water vapor ; lifted vapor ; vapor	DESTROY	atmosphere	-
152	5	water vapor ; lifted vapor ; vapor	NONE	-	-
152	6	water vapor ; lifted vapor ; vapor	NONE	-	-
152	1	solid ; cloud droplets	NONE	-	-
152	2	solid ; cloud droplets	NONE	-	-
152	3	solid ; cloud droplets	NONE	-	-
152	4	solid ; cloud droplets	CREATE	-	atmosphere
152	5	solid ; cloud droplets	NONE	atmosphere	atmosphere
152	6	solid ; cloud droplets	NONE	atmosphere	atmosphere
249	1	rocks ; smaller pieces	NONE	rock	rock
249	2	rocks ; smaller pieces	NONE	rock	rock
249	3	rocks ; smaller pieces	NONE	rock	rock
249	4	rocks ; smaller pieces	NONE	rock	rock
249	5	rocks ; smaller pieces	NONE	rock	rock
249	6	rocks ; smaller pieces	NONE	rock	rock
249	7	rocks ; smaller pieces	NONE	rock	rock
249	8	rocks ; smaller pieces	NONE	rock	rock
249	1	oxygen	NONE	?	?
249	2	oxygen	NONE	?	?
249	3	oxygen	NONE	?	?
249	4	oxygen	NONE	?	?
249	5	oxygen	DESTROY	?	-
249	6	oxygen	NONE	-	-
249	7	oxygen	NONE	-	-
249	8	oxygen	NONE	-	-
249	1	new types of rocks ; new substance ; certain types of rocks	NONE	-	-
249	2	new types of rocks ; new substance ; certain types of rocks	NONE	-	-
249	3	new types of rocks ; new substance ; certain types of rocks	NONE	-	-
249	4	new types of rocks ; new substance ; certain types of rocks	NONE	-	-
249	5	new types of rocks ; new substance ; certain types of rocks	CREATE	-	?
249	6	new types of rocks ; new substance ; certain types of rocks	NONE	?	?
249	7	new types of rocks ; new substance ; certain types of rocks	NONE	?	?
249	8	new types of rocks ; new substance ; certain types of rocks	NONE	?	?
310	1	blood	MOVE	right side of you heart	blood
310	2	blood	MOVE	blood	lung
310	3	blood	NONE	lung	lung
310	4	blood	NONE	lung	lung
310	5	blood	NONE	lung	lung
310	6	blood	MOVE	lung	body
310	1	carbon dioxide	NONE	blood	blood
310	2	carbon dioxide	NONE	blood	blood
310	3	carbon dioxide	NONE	blood	blood
310	4	carbon dioxide	NONE	blood	blood
310	5	carbon dioxide	NONE	blood	blood
310	6	carbon dioxide	NONE	blood	blood
310	1	oxygen	NONE	?	?
310	2	oxygen	NONE	?	?
310	3	oxygen	NONE	?	?
310	4	oxygen	MOVE	?	blood
310	5	oxygen	NONE	blood	blood
310	6	oxygen	NONE	blood	blood
400	1	energy	NONE	-	-
400	2	energy	NONE	-	-
400	3	energy	NONE	-	-
400	4	energy	CREATE	-	element
400	5	energy	DESTROY	element	-
400	1	electricity	NONE	-	-
400	2	electricity	NONE	-	-
400	3	electricity	NONE	-	-
400	4	electricity	NONE	-	-
400	5	electricity	CREATE	-	element
401	1	sunlight	NONE	-	-
401	2	sunlight	NONE	-	-
401	3	sunlight	CREATE	-	top half of the solar panel
401	4	sunlight	MOVE	top half of the solar panel	bottom half of the solar panel
401	5	sunlight	NONE	bottom half of the solar panel	bottom half of the solar panel
401	6	sunlight	NONE	bottom half of the solar panel	bottom half of the solar panel
401	7	sunlight	NONE	bottom half of the solar panel	bottom half of the solar panel
401	1	direct current	NONE	-	-
401	2	direct current	NONE	-	-
401	3	direct current	NONE	-	-
401	4	direct current	NONE	-	-
401	5	direct current	CREATE	-	?
401	6	direct current	DESTROY	?	-
401	7	direct current	NONE	-	-
401	1	alternating current	NONE	?	?
401	2	alternating current	NONE	?	?
401	3	alternating current	NONE	?	?
401	4	alternating current	NONE	?	?
401	5	alternating current	NONE	?	?
401	6	alternating current	NONE	?	?
401	7	alternating current	DESTROY	?	-
409	1	image	NONE	-	-
409	2	image	NONE	-	-
409	3	image	NONE	-	-
409	4	image	CREATE	-	retina
409	5	image	DESTROY	retina	-
409	6	image	NONE	-	-
409	7	image	NONE	-	-
409	1	electrical impulses	NONE	-	-
409	2	electrical impulses	NONE	-	-
409	3	electrical impulses	NONE	-	-
409	4	electrical impulses	NONE	-	-
409	5	electrical impulses	CREATE	-	retina
409	6	electrical impulses	NONE	retina	retina
409	7	electrical impulses	NONE	retina	retina
410	1	electric signal	NONE	retina	retina
410	2	electric signal	NONE	retina	retina
410	3	electric signal	NONE	retina	retina
410	4	electric signal	DESTROY	retina	-
410	5	electric signal	NONE	-	-
410	6	electric signal	NONE	-	-
410	1	light	NONE	-	-
410	2	light	NONE	-	-
410	3	light	CREATE	-	retina
410	4	light	NONE	retina	retina
410	5	light	DESTROY	retina	-
410	6	light	CREATE	-	retina
411	1	electrochemical signals	NONE	-	-
411	2	electrochemical signals	CREATE	-	?
411	3	electrochemical signals	NONE	?	?
411	4	electrochemical signals	NONE	?	?
411	5	electrochemical signals	NONE	?	?
411	6	electrochemical signals	NONE	?	?
411	7	electrochemical signals	NONE	?	?
411	8	electrochemical signals	NONE	?	?
411	1	light	NONE	?	?
411	2	light	DESTROY	?	-
411	3	light	NONE	-	-
411	4	light	NONE	-	-
411	5	light	NONE	-	-
411	6	light	NONE	-	-
411	7	light	NONE	-	-
411	8	light	NONE	-	-
429	1	nitrogen	NONE	?	?
429	2	nitrogen	NONE	?	?
429	3	nitrogen	MOVE	?	soil
429	4	nitrogen	MOVE	soil	plant
429	5	nitrogen	NONE	plant	plant
429	6	nitrogen	NONE	plant	plant
429	7	nitrogen	NONE	plant	plant
429	8	nitrogen	NONE	plant	plant
429	9	nitrogen	NONE	plant	plant
429	10	nitrogen	NONE	plant	plant
429	1	fixed nitrogen; usable nitrogen	NONE	?	?
429	2	fixed nitrogen; usable nitrogen	NONE	?	?
429	3	fixed nitrogen; usable nitrogen	NONE	?	?
429	4	fixed nitrogen; usable nitrogen	MOVE	?	plant
429	5	fixed nitrogen; usable nitrogen	NONE	plant	plant
429	6	fixed nitrogen; usable nitrogen	NONE	plant	plant
429	7	fixed nitrogen; usable nitrogen	NONE	plant	plant
429	8	fixed nitrogen; usable nitrogen	NONE	plant	plant
429	9	fixed nitrogen; usable nitrogen	NONE	plant	plant
429	10	fixed nitrogen; usable nitrogen	NONE	plant	plant
429	1	plants	NONE	?	?
429	2	plants	NONE	?	?
429	3	plants	NONE	?	?
429	4	plants	NONE	?	?
429	5	plants	DESTROY	?	-
429	6	plants	NONE	-	-
429	7	plants	NONE	-	-
429	8	plants	NONE	-	-
429	9	plants	NONE	-	-
429	10	plants	NONE	-	-
429	1	waste	NONE	-	-
429	2	waste	NONE	-	-
429	3	waste	NONE	-	-
429	4	waste	NONE	-	-
429	5	waste	NONE	-	-
429	6	waste	CREATE	-	?
429	7	waste	NONE	?	?
429	8	waste	NONE	?	?
429	9	waste	NONE	?	?
429	10	waste	NONE	?	?
429	1	gas-based form	NONE	?	?
429	2	gas-based form	NONE	?	?
429	3	gas-based form	NONE	?	?
429	4	gas-based form	NONE	?	?
429	5	gas-based form	NONE	?	?
429	6	gas-based form	NONE	?	?
429	7	gas-based form	NONE	?	?
429	8	gas-based form	NONE	?	?
429	9	gas-based form	NONE	?	?
429	10	gas-based form	NONE	?	?
460	1	living things ; remains of living things	NONE	?	?
460	2	living things ; remains of living things	NONE	?	?
460	3	living things ; remains of living things	NONE	?	?
460	4	living things ; remains of living things	DESTROY	?	-
460	5	living things ; remains of living things	NONE	-	-
460	6	living things ; remains of living things	NONE	-	-
460	7	living things ; remains of living things	NONE	-	-
460	8	living things ; remains of living things	NONE	-	-
460	9	living things ; remains of living things	NONE	-	-
460	10	living things ; remains of living things	NONE	-	-
460	1	carbon	NONE	-	-
460	2	carbon	CREATE	-	?
460	3	carbon	DESTROY	?	-
460	4	carbon	CREATE	-	?
460	5	carbon	DESTROY	?	-
460	6	carbon	CREATE	-	?
460	7	carbon	DESTROY	?	-
460	8	carbon	CREATE	-	?
460	9	carbon	DESTROY	?	-
460	10	carbon	CREATE	-	?
460	1	carbon-based mixture	NONE	?	?
460	2	carbon-based mixture	NONE	?	?
460	3	carbon-based mixture	NONE	?	?
460	4	carbon-based mixture	NONE	?	?
460	5	carbon-based mixture	NONE	?	?
460	6	carbon-based mixture	NONE	?	?
460	7	carbon-based mixture	MOVE	?	earth 's surface
460	8	carbon-based mixture	NONE	earth 's surface	earth 's surface
460	9	carbon-based mixture	NONE	earth 's surface	earth 's surface
460	10	carbon-based mixture	NONE	earth 's surface	earth 's surface
460	1	fossil fuel	NONE	-	-
460	2	fossil fuel	NONE	-	-
460	3	fossil fuel	NONE	-	-
460	4	fossil fuel	NONE	-	-
460	5	fossil fuel	NONE	-	-
460	6	fossil fuel	NONE	-	-
460	7	fossil fuel	NONE	-	-
460	8	fossil fuel	NONE	-	-
460	9	fossil fuel	CREATE	-	?
460	10	fossil fuel	NONE	?	?
460	1	energy	NONE	-	-
460	2	energy	NONE	-	-
460	3	energy	NONE	-	-
460	4	energy	NONE	-	-
460	5	energy	NONE	-	-
460	6	energy	NONE	-	-
460	7	energy	NONE	-	-
460	8	energy	NONE	-	-
460	9	energy	CREATE	-	?
460	10	energy	DESTROY	?	-
460	1	power	NONE	?	?
460	2	power	NONE	?	?
460	3	power	NONE	?	?
460	4	power	NONE	?	?
460	5	power	NONE	?	?
460	6	power	NONE	?	?
460	7	power	NONE	?	?
460	8	power	NONE	?	?
460	9	power	NONE	?	?
460	10	power	NONE	?	?
463	1	raindrops	NONE	?	?
463	2	raindrops	NONE	?	?
463	3	raindrops	NONE	?	?
463	4	raindrops	NONE	?	?
463	5	raindrops	NONE	?	?
463	1	ice particle	NONE	?	?
463	2	ice particle	NONE	?	?
463	3	ice particle	NONE	?	?
463	4	ice particle	NONE	?	?
463	5	ice particle	NONE	?	?
463	1	hailstone	NONE	-	-
463	2	hailstone	NONE	-	-
463	3	hailstone	NONE	-	-
463	4	hailstone	NONE	-	-
463	5	hailstone	NONE	-	-
465	1	water	NONE	-	-
465	2	water	NONE	-	-
465	3	water	NONE	-	-
465	4	water	CREATE	-	?
465	5	water	DESTROY	?	-
465	6	water	CREATE	-	?
465	7	water	MOVE	?	ground
465	1	hail	NONE	?	?
465	2	hail	NONE	?	?
465	3	hail	NONE	?	?
465	4	hail	NONE	?	?
465	5	hail	NONE	?	?
465	6	hail	NONE	?	?
465	7	hail	MOVE	?	ground
502	1	diesel	DESTROY	?	-
502	2	diesel	NONE	-	-
502	3	diesel	NONE	-	-
502	4	diesel	NONE	-	-
502	5	diesel	NONE	-	-
502	1	petrol	DESTROY	?	-
502	2	petrol	NONE	-	-
502	3	petrol	NONE	-	-
502	4	petrol	NONE	-	-
502	5	petrol	NONE	-	-
502	1	energy	CREATE	-	?
502	2	energy	NONE	?	?
502	3	energy	NONE	?	?
502	4	energy	NONE	?	?
502	5	energy	NONE	?	?
502	1	pistons	NONE	?	?
502	2	pistons	NONE	?	?
502	3	pistons	NONE	?	?
502	4	pistons	NONE	?	?
502	5	pistons	NONE	?	?
502	1	piston motion	NONE	?	?
502	2	piston motion	NONE	?	?
502	3	piston motion	NONE	?	?
502	4	piston motion	NONE	?	?
502	5	piston motion	NONE	?	?
502	1	rotary motion	NONE	-	-
502	2	rotary motion	NONE	-	-
502	3	rotary motion	CREATE	-	?
502	4	rotary motion	NONE	?	?
502	5	rotary motion	NONE	?	?
502	1	car	NONE	?	?
502	2	car	NONE	?	?
502	3	car	NONE	?	?
502	4	car	NONE	?	?
502	5	car	NONE	?	?
503	1	car	NONE	-	-
503	2	car	NONE	-	-
503	3	car	NONE	-	-
503	4	car	NONE	-	-
503	5	car	NONE	-	-
503	6	car	NONE	-	-
503	7	car	NONE	-	-
503	8	car	CREATE	-	?
503	9	car	NONE	?	?
503	1	gasoline;gas	MOVE	?	car
503	2	gasoline;gas	NONE	car	car
503	3	gasoline;gas	NONE	car	car
503	4	gasoline;gas	NONE	car	car
503	5	gasoline;gas	NONE	car	car
503	6	gasoline;gas	NONE	car	car
503	7	gasoline;gas	NONE	car	car
503	8	gasoline;gas	NONE	car	car
503	9	gasoline;gas	NONE	car	car
503	1	battery	NONE	?	?
503	2	battery	NONE	?	?
503	3	battery	NONE	?	?
503	4	battery	NONE	?	?
503	5	battery	NONE	?	?
503	6	battery	NONE	?	?
503	7	battery	NONE	?	?
503	8	battery	NONE	?	?
503	9	battery	NONE	?	?
503	1	spark	NONE	-	-
503	2	spark	NONE	-	-
503	3	spark	CREATE	-	?
503	4	spark	NONE	?	?
503	5	spark	NONE	?	?
503	6	spark	NONE	?	?
503	7	spark	NONE	?	?
503	8	spark	NONE	?	?
503	9	spark	NONE	?	?
503	1	piston	NONE	crankshaft	crankshaft
503	2	piston	NONE	crankshaft	crankshaft
503	3	piston	NONE	crankshaft	crankshaft
503	4	piston	NONE	crankshaft	crankshaft
503	5	piston	NONE	crankshaft	crankshaft
503	6	piston	NONE	crankshaft	crankshaft
503	7	piston	NONE	crankshaft	crankshaft
503	8	piston	NONE	crankshaft	crankshaft
503	9	piston	NONE	crankshaft	crankshaft
503	1	crankshaft	NONE	-	-
503	2	crankshaft	NONE	-	-
503	3	crankshaft	NONE	-	-
503	4	crankshaft	NONE	-	-
503	5	crankshaft	NONE	-	-
503	6	crankshaft	NONE	-	-
503	7	crankshaft	NONE	-	-
503	8	crankshaft	NONE	-	-
503	9	crankshaft	CREATE	-	?
503	1	wheel	NONE	-	-
503	2	wheel	NONE	-	-
503	3	wheel	NONE	-	-
503	4	wheel	NONE	-	-
503	5	wheel	NONE	-	-
503	6	wheel	NONE	-	-
503	7	wheel	NONE	-	-
503	8	wheel	CREATE	-	?
503	9	wheel	NONE	?	?
533	1	seed	NONE	?	?
533	2	seed	NONE	?	?
533	3	seed	NONE	?	?
533	4	seed	NONE	?	?
533	5	seed	NONE	?	?
533	6	seed	NONE	?	?
533	7	seed	NONE	?	?
533	1	sprouts	NONE	?	?
533	2	sprouts	NONE	?	?
533	3	sprouts	NONE	?	?
533	4	sprouts	NONE	?	?
533	5	sprouts	NONE	?	?
533	6	sprouts	NONE	?	?
533	7	sprouts	NONE	?	?
533	1	seedling	NONE	-	-
533	2	seedling	NONE	-	-
533	3	seedling	CREATE	-	?
533	4	seedling	NONE	?	?
533	5	seedling	NONE	?	?
533	6	seedling	NONE	?	?
533	7	seedling	NONE	?	?
533	1	sapling	NONE	-	-
533	2	sapling	NONE	-	-
533	3	sapling	NONE	-	-
533	4	sapling	CREATE	-	soil
533	5	sapling	NONE	soil	soil
533	6	sapling	NONE	soil	soil
533	7	sapling	NONE	soil	soil
533	1	tree	NONE	?	?
533	2	tree	NONE	?	?
533	3	tree	NONE	?	?
533	4	tree	NONE	?	?
533	5	tree	NONE	?	?
533	6	tree	NONE	?	?
533	7	tree	NONE	?	?
534	1	seed	CREATE	-	?
534	2	seed	DESTROY	?	-
534	3	seed	NONE	-	-
534	4	seed	NONE	-	-
534	5	seed	NONE	-	-
534	6	seed	NONE	-	-
534	7	seed	NONE	-	-
534	1	small tree ; tree	NONE	-	-
534	2	small tree ; tree	CREATE	-	?
534	3	small tree ; tree	NONE	?	?
534	4	small tree ; tree	NONE	?	?
534	5	small tree ; tree	NONE	?	?
534	6	small tree ; tree	NONE	?	?
534	7	small tree ; tree	NONE	?	?
534	1	fruit	NONE	tree	tree
534	2	fruit	NONE	tree	tree
534	3	fruit	NONE	tree	tree
534	4	fruit	NONE	tree	tree
534	5	fruit	NONE	tree	tree
534	6	fruit	NONE	tree	tree
534	7	fruit	NONE	tree	tree
534	1	flowers	NONE	?	?
534	2	flowers	NONE	?	?
534	3	flowers	NONE	?	?
534	4	flowers	NONE	?	?
534	5	flowers	NONE	?	?
534	6	flowers	NONE	?	?
534	7	flowers	NONE	?	?
582	1	warm, moist air	NONE	south	south
582	2	warm, moist air	NONE	south	south
582	3	warm, moist air	NONE	south	south
582	4	warm, moist air	NONE	south	south
582	5	warm, moist air	NONE	south	south
582	6	warm, moist air	NONE	south	south
582	7	warm, moist air	NONE	south	south
582	8	warm, moist air	NONE	south	south
582	1	cool, dry air	NONE	south	south
582	2	cool, dry air	NONE	south	south
582	3	cool, dry air	NONE	south	south
582	4	cool, dry air	NONE	south	south
582	5	cool, dry air	NONE	south	south
582	6	cool, dry air	NONE	south	south
582	7	cool, dry air	NONE	south	south
582	8	cool, dry air	NONE	south	south
582	1	air masses ; masses	NONE	?	?
582	2	air masses ; masses	NONE	?	?
582	3	air masses ; masses	NONE	?	?
582	4	air masses ; masses	NONE	?	?
582	5	air masses ; masses	NONE	?	?
582	6	air masses ; masses	NONE	?	?
582	7	air masses ; masses	NONE	?	?
582	8	air masses ; masses	NONE	?	?
582	1	wind	NONE	?	?
582	2	wind	NONE	?	?
582	3	wind	NONE	?	?
582	4	wind	NONE	?	?
582	5	wind	NONE	?	?
582	6	wind	NONE	?	?
582	7	wind	DESTROY	?	-
582	8	wind	CREATE	-	?
582	1	updraft	NONE	-	-
582	2	updraft	NONE	-	-
582	3	updraft	NONE	-	-
582	4	updraft	NONE	-	-
582	5	updraft	NONE	-	-
582	6	updraft	NONE	-	-
582	7	updraft	CREATE	-	?
582	8	updraft	NONE	?	?
582	1	circular patterns	NONE	-	-
582	2	circular patterns	NONE	-	-
582	3	circular patterns	NONE	-	-
582	4	circular patterns	NONE	-	-
582	5	circular patterns	NONE	-	-
582	6	circular patterns	NONE	-	-
582	7	circular patterns	CREATE	-	updraft
582	8	circular patterns	NONE	updraft	updraft
582	1	tornado	NONE	?	?
582	2	tornado	NONE	?	?
582	3	tornado	NONE	?	?
582	4	tornado	NONE	?	?
582	5	tornado	NONE	?	?
582	6	tornado	NONE	?	?
582	7	tornado	NONE	?	?
582	8	tornado	NONE	?	?
583	1	warm, humd low-presure air	CREATE	-	?
583	2	warm, humd low-presure air	NONE	?	?
583	3	warm, humd low-presure air	NONE	?	?
583	4	warm, humd low-presure air	NONE	?	?
583	5	warm, humd low-presure air	NONE	?	?
583	6	warm, humd low-presure air	NONE	?	?
583	1	updraft	NONE	-	-
583	2	updraft	CREATE	-	?
583	3	updraft	NONE	?	?
583	4	updraft	NONE	?	?
583	5	updraft	NONE	?	?
583	6	updraft	NONE	?	?
583	1	dry, cold high-pressure air	NONE	?	?
583	2	dry, cold high-pressure air	NONE	?	?
583	3	dry, cold high-pressure air	NONE	?	?
583	4	dry, cold high-pressure air	NONE	?	?
583	5	dry, cold high-pressure air	NONE	?	?
583	6	dry, cold high-pressure air	NONE	?	?
583	1	rotation	NONE	-	-
583	2	rotation	NONE	-	-
583	3	rotation	NONE	-	-
583	4	rotation	CREATE	-	oppose wind
583	5	rotation	NONE	oppose wind	oppose wind
583	6	rotation	NONE	oppose wind	oppose wind
583	1	funnel; tornado	NONE	?	?
583	2	funnel; tornado	NONE	?	?
583	3	funnel; tornado	NONE	?	?
583	4	funnel; tornado	NONE	?	?
583	5	funnel; tornado	NONE	?	?
583	6	funnel; tornado	NONE	?	?
600	1	air	NONE	car engine	car engine
600	2	air	DESTROY	car engine	-
600	3	air	NONE	-	-
600	4	air	NONE	-	-
600	5	air	NONE	-	-
600	6	air	NONE	-	-
600	1	petrol; fuel	NONE	car engine	car engine
600	2	petrol; fuel	DESTROY	car engine	-
600	3	petrol; fuel	NONE	-	-
600	4	petrol; fuel	NONE	-	-
600	5	petrol; fuel	NONE	-	-
600	6	petrol; fuel	NONE	-	-
600	1	energy	NONE	?	?
600	2	energy	NONE	?	?
600	3	energy	NONE	?	?
600	4	energy	DESTROY	?	-
600	5	energy	NONE	-	-
600	6	energy	NONE	-	-
600	1	hot gas	NONE	?	?
600	2	hot gas	NONE	?	?
600	3	hot gas	NONE	?	?
600	4	hot gas	NONE	?	?
600	5	hot gas	NONE	?	?
600	6	hot gas	NONE	?	?
653	1	seed	CREATE	-	fruit
653	2	seed	NONE	fruit	fruit
653	3	seed	NONE	fruit	fruit
653	4	seed	NONE	fruit	fruit
653	5	seed	NONE	fruit	fruit
653	6	seed	NONE	fruit	fruit
653	1	seedling	NONE	-	-
653	2	seedling	CREATE	-	?
653	3	seedling	NONE	?	?
653	4	seedling	NONE	?	?
653	5	seedling	NONE	?	?
653	6	seedling	NONE	?	?
653	1	tree	NONE	-	-
653	2	tree	NONE	-	-
653	3	tree	CREATE	-	fruit
653	4	tree	NONE	fruit	fruit
653	5	tree	NONE	fruit	fruit
653	6	tree	NONE	fruit	fruit
653	1	flower	NONE	?	?
653	2	flower	NONE	?	?
653	3	flower	NONE	?	?
653	4	flower	MOVE	?	tree
653	5	flower	DESTROY	tree	-
653	6	flower	NONE	-	-
653	1	fruit	NONE	-	-
653	2	fruit	NONE	-	-
653	3	fruit	NONE	-	-
653	4	fruit	NONE	-	-
653	5	fruit	CREATE	-	fruit
653	6	fruit	NONE	fruit	fruit
654	1	seedling	NONE	-	-
654	2	seedling	NONE	-	-
654	3	seedling	CREATE	-	?
654	4	seedling	DESTROY	?	-
654	5	seedling	CREATE	-	?
654	6	seedling	DESTROY	?	-
654	1	root system	NONE	-	-
654	2	root system	CREATE	-	?
654	3	root system	NONE	?	?
654	4	root system	NONE	?	?
654	5	root system	NONE	?	?
654	6	root system	NONE	?	?
654	1	tree	NONE	-	-
654	2	tree	NONE	-	-
654	3	tree	CREATE	-	?
654	4	tree	NONE	?	?
654	5	tree	NONE	?	?
654	6	tree	DESTROY	?	-
654	1	material for new growth	NONE	-	-
654	2	material for new growth	NONE	-	-
654	3	material for new growth	NONE	-	-
654	4	material for new growth	NONE	-	-
654	5	material for new growth	NONE	-	-
654	6	material for new growth	CREATE	-	ground
659	1	nitrogen; nitrates	NONE	soil	soil
659	2	nitrogen; nitrates	NONE	soil	soil
659	3	nitrogen; nitrates	MOVE	soil	plant
659	4	nitrogen; nitrates	DESTROY	plant	-
659	5	nitrogen; nitrates	NONE	-	-
659	6	nitrogen; nitrates	NONE	-	-
659	1	ammonium	CREATE	-	bacterium
659	2	ammonium	NONE	bacterium	bacterium
659	3	ammonium	NONE	bacterium	bacterium
659	4	ammonium	NONE	bacterium	bacterium
659	5	ammonium	NONE	bacterium	bacterium
659	6	ammonium	NONE	bacterium	bacterium
659	1	plant	NONE	?	?
659	2	plant	NONE	?	?
659	3	plant	NONE	?	?
659	4	plant	DESTROY	?	-
659	5	plant	NONE	-	-
659	6	plant	NONE	-	-
659	1	extra nitrogen	NONE	?	?
659	2	extra nitrogen	NONE	?	?
659	3	extra nitrogen	NONE	?	?
659	4	extra nitrogen	NONE	?	?
659	5	extra nitrogen	NONE	?	?
659	6	extra nitrogen	NONE	?	?
660	1	atmospheric nitrogen	DESTROY	bacterium	-
660	2	atmospheric nitrogen	NONE	-	-
660	3	atmospheric nitrogen	NONE	-	-
660	4	atmospheric nitrogen	NONE	-	-
660	5	atmospheric nitrogen	NONE	-	-
660	6	atmospheric nitrogen	NONE	-	-
660	7	atmospheric nitrogen	NONE	-	-
660	8	atmospheric nitrogen	NONE	-	-
660	9	atmospheric nitrogen	NONE	-	-
660	1	organic nitrogen	CREATE	-	bacterium
660	2	organic nitrogen	MOVE	bacterium	plant
660	3	organic nitrogen	NONE	plant	plant
660	4	organic nitrogen	NONE	plant	plant
660	5	organic nitrogen	MOVE	plant	fungus
660	6	organic nitrogen	DESTROY	fungus	-
660	7	organic nitrogen	NONE	-	-
660	8	organic nitrogen	NONE	-	-
660	9	organic nitrogen	NONE	-	-
660	1	animals	NONE	?	?
660	2	animals	NONE	?	?
660	3	animals	NONE	?	?
660	4	animals	DESTROY	?	-
660	5	animals	NONE	-	-
660	6	animals	NONE	-	-
660	7	animals	NONE	-	-
660	8	animals	NONE	-	-
660	9	animals	NONE	-	-
660	1	plants	NONE	?	?
660	2	plants	NONE	?	?
660	3	plants	DESTROY	?	-
660	4	plants	NONE	-	-
660	5	plants	NONE	-	-
660	6	plants	NONE	-	-
660	7	plants	NONE	-	-
660	8	plants	NONE	-	-
660	9	plants	NONE	-	-
660	1	wastes	NONE	animal	animal
660	2	wastes	NONE	animal	animal
660	3	wastes	NONE	animal	animal
660	4	wastes	NONE	animal	animal
660	5	wastes	NONE	animal	animal
660	6	wastes	NONE	animal	animal
660	7	wastes	NONE	animal	animal
660	8	wastes	NONE	animal	animal
660	9	wastes	NONE	animal	animal
660	1	ammonium	NONE	-	-
660	2	ammonium	NONE	-	-
660	3	ammonium	NONE	-	-
660	4	ammonium	NONE	-	-
660	5	ammonium	NONE	-	-
660	6	ammonium	CREATE	-	bacterium
660	7	ammonium	DESTROY	bacterium	-
660	8	ammonium	NONE	-	-
660	9	ammonium	NONE	-	-
660	1	nitrate	NONE	-	-
660	2	nitrate	NONE	-	-
660	3	nitrate	NONE	-	-
660	4	nitrate	NONE	-	-
660	5	nitrate	NONE	-	-
660	6	nitrate	NONE	-	-
660	7	nitrate	CREATE	-	bacterium
660	8	nitrate	DESTROY	bacterium	-
660	9	nitrate	NONE	-	-
660	1	nitrogen gas	NONE	-	-
660	2	nitrogen gas	NONE	-	-
660	3	nitrogen gas	NONE	-	-
660	4	nitrogen gas	NONE	-	-
660	5	nitrogen gas	NONE	-	-
660	6	nitrogen gas	NONE	-	-
660	7	nitrogen gas	NONE	-	-
660	8	nitrogen gas	CREATE	-	bacterium
660	9	nitrogen gas	NONE	bacterium	bacterium
661	1	nitrogen	NONE	-	-
661	2	nitrogen	CREATE	-	?
661	3	nitrogen	DESTROY	?	-
661	4	nitrogen	CREATE	-	?
661	5	nitrogen	DESTROY	?	-
661	6	nitrogen	CREATE	-	?
661	7	nitrogen	DESTROY	?	-
661	8	nitrogen	CREATE	-	air
661	9	nitrogen	NONE	air	air
661	1	ammonium	CREATE	-	?
661	2	ammonium	DESTROY	?	-
661	3	ammonium	NONE	-	-
661	4	ammonium	NONE	-	-
661	5	ammonium	NONE	-	-
661	6	ammonium	NONE	-	-
661	7	ammonium	CREATE	-	?
661	8	ammonium	NONE	?	?
661	9	ammonium	NONE	?	?
661	1	nitrates	NONE	?	?
661	2	nitrates	NONE	?	?
661	3	nitrates	MOVE	?	soil
661	4	nitrates	NONE	soil	soil
661	5	nitrates	NONE	soil	soil
661	6	nitrates	NONE	soil	soil
661	7	nitrates	NONE	soil	soil
661	8	nitrates	NONE	soil	soil
661	9	nitrates	NONE	soil	soil
661	1	plant	NONE	-	-
661	2	plant	CREATE	-	?
661	3	plant	DESTROY	?	-
661	4	plant	CREATE	-	?
661	5	plant	DESTROY	?	-
661	6	plant	CREATE	-	?
661	7	plant	DESTROY	?	-
661	8	plant	NONE	-	-
661	9	plant	NONE	-	-
661	1	animal	NONE	?	?
661	2	animal	NONE	?	?
661	3	animal	NONE	?	?
661	4	animal	NONE	?	?
661	5	animal	NONE	?	?
661	6	animal	NONE	?	?
661	7	animal	DESTROY	?	-
661	8	animal	NONE	-	-
661	9	animal	NONE	-	-
695	1	water	NONE	?	?
695	2	water	NONE	?	?
695	3	water	NONE	?	?
695	4	water	NONE	?	?
695	5	water	MOVE	?	earth
695	6	water	NONE	earth	earth
695	7	water	NONE	earth	earth
695	1	vapor; steam; water vapor	NONE	ocean , lake , or river	ocean , lake , or river
695	2	vapor; steam; water vapor	MOVE	ocean , lake , or river	air
695	3	vapor; steam; water vapor	DESTROY	air	-
695	4	vapor; steam; water vapor	NONE	-	-
695	5	vapor; steam; water vapor	NONE	-	-
695	6	vapor; steam; water vapor	NONE	-	-
695	7	vapor; steam; water vapor	NONE	-	-
695	1	clouds	NONE	-	-
695	2	clouds	NONE	-	-
695	3	clouds	CREATE	-	air
695	4	clouds	DESTROY	air	-
695	5	clouds	NONE	-	-
695	6	clouds	NONE	-	-
695	7	clouds	NONE	-	-
695	1	rain	NONE	-	-
695	2	rain	NONE	-	-
695	3	rain	NONE	-	-
695	4	rain	NONE	-	-
695	5	rain	CREATE	-	earth
695	6	rain	NONE	earth	earth
695	7	rain	NONE	earth	earth
695	1	hail	NONE	-	-
695	2	hail	NONE	-	-
695	3	hail	NONE	-	-
695	4	hail	NONE	-	-
695	5	hail	CREATE	-	earth
695	6	hail	NONE	earth	earth
695	7	hail	NONE	earth	earth
695	1	sleet	NONE	-	-
695	2	sleet	NONE	-	-
695	3	sleet	NONE	-	-
695	4	sleet	NONE	-	-
695	5	sleet	CREATE	-	earth
695	6	sleet	NONE	earth	earth
695	7	sleet	NONE	earth	earth
695	1	snow	NONE	-	-
695	2	snow	NONE	-	-
695	3	snow	NONE	-	-
695	4	snow	NONE	-	-
695	5	snow	CREATE	-	earth
695	6	snow	NONE	earth	earth
695	7	snow	NONE	earth	earth
696	1	water vapor	NONE	air	air
696	2	water vapor	MOVE	air	cloud
696	3	water vapor	MOVE	cloud	air
696	4	water vapor	MOVE	air	cloud
696	5	water vapor	MOVE	cloud	air
696	6	water vapor	MOVE	air	cloud
696	1	water droplets	NONE	cloud	cloud
696	2	water droplets	NONE	cloud	cloud
696	3	water droplets	NONE	cloud	cloud
696	4	water droplets	NONE	cloud	cloud
696	5	water droplets	NONE	cloud	cloud
696	6	water droplets	NONE	cloud	cloud
696	1	cloud	NONE	?	?
696	2	cloud	NONE	?	?
696	3	cloud	NONE	?	?
696	4	cloud	NONE	?	?
696	5	cloud	NONE	?	?
696	6	cloud	NONE	?	?
696	1	rain	NONE	?	?
696	2	rain	NONE	?	?
696	3	rain	NONE	?	?
696	4	rain	NONE	?	?
696	5	rain	NONE	?	?
696	6	rain	DESTROY	?	-
697	1	water	NONE	body of water	body of water
697	2	water	NONE	body of water	body of water
697	3	water	NONE	body of water	body of water
697	4	water	NONE	body of water	body of water
697	5	water	NONE	body of water	body of water
697	1	clouds	NONE	-	-
697	2	clouds	CREATE	-	?
697	3	clouds	NONE	?	?
697	4	clouds	NONE	?	?
697	5	clouds	NONE	?	?
697	1	rain	NONE	?	?
697	2	rain	NONE	?	?
697	3	rain	NONE	?	?
697	4	rain	NONE	?	?
697	5	rain	NONE	?	?
725	1	plant; animal	NONE	?	?
725	2	plant; animal	NONE	?	?
725	3	plant; animal	NONE	?	?
725	4	plant; animal	NONE	?	?
725	5	plant; animal	NONE	?	?
725	6	plant; animal	NONE	?	?
725	1	soft tissues	NONE	bone or shell	bone or shell
725	2	soft tissues	DESTROY	bone or shell	-
725	3	soft tissues	CREATE	-	?
725	4	soft tissues	DESTROY	?	-
725	5	soft tissues	CREATE	-	?
725	6	soft tissues	DESTROY	?	-
725	1	sediment	NONE	-	-
725	2	sediment	NONE	-	-
725	3	sediment	CREATE	-	?
725	4	sediment	NONE	?	?
725	5	sediment	NONE	?	?
725	6	sediment	NONE	?	?
725	1	rock	NONE	?	?
725	2	rock	NONE	?	?
725	3	rock	NONE	?	?
725	4	rock	NONE	?	?
725	5	rock	NONE	?	?
725	6	rock	NONE	?	?
725	1	bones	NONE	-	-
725	2	bones	CREATE	-	bone or shell
725	3	bones	MOVE	bone or shell	encased bone
725	4	bones	MOVE	encased bone	?
725	5	bones	NONE	?	?
725	6	bones	NONE	?	?
725	1	minerals	NONE	?	?
725	2	minerals	NONE	?	?
725	3	minerals	NONE	?	?
725	4	minerals	NONE	?	?
725	5	minerals	NONE	?	?
725	6	minerals	DESTROY	?	-
725	1	stone replica; fossil	CREATE	-	?
725	2	stone replica; fossil	NONE	?	?
725	3	stone replica; fossil	NONE	?	?
725	4	stone replica; fossil	NONE	?	?
725	5	stone replica; fossil	NONE	?	?
725	6	stone replica; fossil	NONE	?	?
726	1	animal	NONE	?	?
726	2	animal	NONE	?	?
726	3	animal	DESTROY	?	-
726	4	animal	NONE	-	-
726	5	animal	NONE	-	-
726	6	animal	NONE	-	-
726	7	animal	NONE	-	-
726	8	animal	NONE	-	-
726	9	animal	NONE	-	-
726	10	animal	NONE	-	-
726	1	animal's skeleton	NONE	-	-
726	2	animal's skeleton	NONE	-	-
726	3	animal's skeleton	NONE	-	-
726	4	animal's skeleton	CREATE	-	bottom of a ocean
726	5	animal's skeleton	NONE	bottom of a ocean	bottom of a ocean
726	6	animal's skeleton	NONE	bottom of a ocean	bottom of a ocean
726	7	animal's skeleton	NONE	bottom of a ocean	bottom of a ocean
726	8	animal's skeleton	NONE	bottom of a ocean	bottom of a ocean
726	9	animal's skeleton	NONE	bottom of a ocean	bottom of a ocean
726	10	animal's skeleton	NONE	bottom of a ocean	bottom of a ocean
726	1	mud; sand	NONE	-	-
726	2	mud; sand	NONE	-	-
726	3	mud; sand	NONE	-	-
726	4	mud; sand	NONE	-	-
726	5	mud; sand	CREATE	-	mud
726	6	mud; sand	MOVE	mud	skeleton
726	7	mud; sand	MOVE	skeleton	mud
726	8	mud; sand	NONE	mud	mud
726	9	mud; sand	DESTROY	mud	-
726	10	mud; sand	CREATE	-	mud
726	1	rock	NONE	-	-
726	2	rock	NONE	-	-
726	3	rock	NONE	-	-
726	4	rock	NONE	-	-
726	5	rock	NONE	-	-
726	6	rock	NONE	-	-
726	7	rock	NONE	-	-
726	8	rock	CREATE	-	mud
726	9	rock	NONE	mud	mud
726	10	rock	NONE	mud	mud
726	1	hole	NONE	?	?
726	2	hole	NONE	?	?
726	3	hole	NONE	?	?
726	4	hole	NONE	?	?
726	5	hole	NONE	?	?
726	6	hole	NONE	?	?
726	7	hole	NONE	?	?
726	8	hole	NONE	?	?
726	9	hole	NONE	?	?
726	10	hole	NONE	?	?
727	1	animal	DESTROY	?	-
727	2	animal	NONE	-	-
727	3	animal	NONE	-	-
727	4	animal	NONE	-	-
727	5	animal	NONE	-	-
727	6	animal	NONE	-	-
727	7	animal	NONE	-	-
727	8	animal	NONE	-	-
727	9	animal	NONE	-	-
727	10	animal	NONE	-	-
727	1	soft tissues	NONE	?	?
727	2	soft tissues	NONE	?	?
727	3	soft tissues	DESTROY	?	-
727	4	soft tissues	NONE	-	-
727	5	soft tissues	NONE	-	-
727	6	soft tissues	NONE	-	-
727	7	soft tissues	NONE	-	-
727	8	soft tissues	NONE	-	-
727	9	soft tissues	NONE	-	-
727	10	soft tissues	NONE	-	-
727	1	bones	NONE	-	-
727	2	bones	NONE	-	-
727	3	bones	NONE	-	-
727	4	bones	CREATE	-	bone
727	5	bones	NONE	bone	bone
727	6	bones	NONE	bone	bone
727	7	bones	MOVE	bone	?
727	8	bones	NONE	?	?
727	9	bones	NONE	?	?
727	10	bones	NONE	?	?
727	1	mud; silt	NONE	?	?
727	2	mud; silt	NONE	?	?
727	3	mud; silt	NONE	?	?
727	4	mud; silt	NONE	?	?
727	5	mud; silt	NONE	?	?
727	6	mud; silt	NONE	?	?
727	7	mud; silt	NONE	?	?
727	8	mud; silt	NONE	?	?
727	9	mud; silt	NONE	?	?
727	10	mud; silt	NONE	?	?
727	1	rock	NONE	?	?
727	2	rock	NONE	?	?
727	3	rock	NONE	?	?
727	4	rock	NONE	?	?
727	5	rock	NONE	?	?
727	6	rock	NONE	?	?
727	7	rock	NONE	?	?
727	8	rock	NONE	?	?
727	9	rock	NONE	?	?
727	10	rock	NONE	?	?
727	1	minerals	NONE	?	?
727	2	minerals	NONE	?	?
727	3	minerals	NONE	?	?
727	4	minerals	NONE	?	?
727	5	minerals	NONE	?	?
727	6	minerals	NONE	?	?
727	7	minerals	NONE	?	?
727	8	minerals	NONE	?	?
727	9	minerals	NONE	?	?
727	10	minerals	NONE	?	?
727	1	fossil	NONE	-	-
727	2	fossil	NONE	-	-
727	3	fossil	NONE	-	-
727	4	fossil	NONE	-	-
727	5	fossil	NONE	-	-
727	6	fossil	NONE	-	-
727	7	fossil	NONE	-	-
727	8	fossil	NONE	-	-
727	9	fossil	NONE	-	-
727	10	fossil	CREATE	-	?
791	1	DC electricity	NONE	-	-
791	2	DC electricity	NONE	-	-
791	3	DC electricity	CREATE	-	?
791	4	DC electricity	NONE	?	?
791	5	DC electricity	NONE	?	?
791	6	DC electricity	NONE	?	?
791	1	AC electricity	NONE	?	?
791	2	AC electricity	NONE	?	?
791	3	AC electricity	NONE	?	?
791	4	AC electricity	NONE	?	?
791	5	AC electricity	NONE	?	?
791	6	AC electricity	NONE	?	?
896	1	oxygen-depleted blood ; blood	MOVE	right atrium	heart
896	2	oxygen-depleted blood ; blood	NONE	heart	heart
896	3	oxygen-depleted blood ; blood	NONE	heart	heart
896	4	oxygen-depleted blood ; blood	NONE	heart	heart
896	5	oxygen-depleted blood ; blood	NONE	heart	heart
896	6	oxygen-depleted blood ; blood	MOVE	heart	?
896	7	oxygen-depleted blood ; blood	NONE	?	?
896	8	oxygen-depleted blood ; blood	NONE	?	?
896	9	oxygen-depleted blood ; blood	MOVE	?	throughout the body
896	1	oxygenated blood ; blood	NONE	heart	heart
896	2	oxygenated blood ; blood	NONE	heart	heart
896	3	oxygenated blood ; blood	NONE	heart	heart
896	4	oxygenated blood ; blood	NONE	heart	heart
896	5	oxygenated blood ; blood	NONE	heart	heart
896	6	oxygenated blood ; blood	MOVE	heart	?
896	7	oxygenated blood ; blood	NONE	?	?
896	8	oxygenated blood ; blood	MOVE	?	left atrium
896	9	oxygenated blood ; blood	MOVE	left atrium	throughout the body
903	1	visible light; light	NONE	?	?
903	2	visible light; light	MOVE	?	retina
903	3	visible light; light	MOVE	retina	photoreceptor cell
903	4	visible light; light	NONE	photoreceptor cell	photoreceptor cell
903	5	visible light; light	NONE	photoreceptor cell	photoreceptor cell
903	1	chemical energy	NONE	-	-
903	2	chemical energy	NONE	-	-
903	3	chemical energy	NONE	-	-
903	4	chemical energy	CREATE	-	?
903	5	chemical energy	NONE	?	?
903	1	image	NONE	?	?
903	2	image	NONE	?	?
903	3	image	NONE	?	?
903	4	image	NONE	?	?
903	5	image	NONE	?	?
904	1	light	NONE	?	?
904	2	light	NONE	?	?
904	3	light	NONE	?	?
904	4	light	NONE	?	?
904	5	light	NONE	?	?
904	1	small image	NONE	?	?
904	2	small image	NONE	?	?
904	3	small image	NONE	?	?
904	4	small image	NONE	?	?
904	5	small image	NONE	?	?
904	1	retina's rods and cones	NONE	?	?
904	2	retina's rods and cones	NONE	?	?
904	3	retina's rods and cones	NONE	?	?
904	4	retina's rods and cones	NONE	?	?
904	5	retina's rods and cones	NONE	?	?
904	1	electrical pulses	NONE	-	-
904	2	electrical pulses	NONE	-	-
904	3	electrical pulses	CREATE	-	retina 's rod
904	4	electrical pulses	NONE	retina 's rod	retina 's rod
904	5	electrical pulses	NONE	retina 's rod	retina 's rod
927	1	rain	NONE	?	?
927	2	rain	NONE	?	?
927	3	rain	NONE	?	?
927	4	rain	NONE	?	?
927	5	rain	NONE	?	?
927	6	rain	NONE	?	?
927	1	rain water; water	NONE	?	?
927	2	rain water; water	MOVE	?	ground
927	3	rain water; water	MOVE	ground	soil
927	4	rain water; water	MOVE	soil	ground
927	5	rain water; water	MOVE	ground	soil
927	6	rain water; water	MOVE	soil	ground
927	1	land	NONE	?	?
927	2	land	NONE	?	?
927	3	land	NONE	?	?
927	4	land	NONE	?	?
927	5	land	NONE	?	?
927	6	land	NONE	?	?
927	1	plants	NONE	?	?
927	2	plants	NONE	?	?
927	3	plants	NONE	?	?
927	4	plants	NONE	?	?
927	5	plants	NONE	?	?
927	6	plants	NONE	?	?
927	1	trees	NONE	?	?
927	2	trees	NONE	?	?
927	3	trees	NONE	?	?
927	4	trees	NONE	?	?
927	5	trees	NONE	?	?
927	6	trees	NONE	?	?
932	1	water	NONE	?	?
932	2	water	NONE	?	?
932	3	water	NONE	?	?
932	4	water	NONE	?	?
932	5	water	NONE	?	?
932	6	water	NONE	?	?
932	1	rocks	NONE	rock	rock
932	2	rocks	NONE	rock	rock
932	3	rocks	NONE	rock	rock
932	4	rocks	NONE	rock	rock
932	5	rocks	NONE	rock	rock
932	6	rocks	NONE	rock	rock
932	1	chemicals	NONE	water	water
932	2	chemicals	NONE	water	water
932	3	chemicals	NONE	water	water
932	4	chemicals	NONE	water	water
932	5	chemicals	NONE	water	water
932	6	chemicals	NONE	water	water
932	1	oxygen	NONE	?	?
932	2	oxygen	NONE	?	?
932	3	oxygen	NONE	?	?
932	4	oxygen	NONE	?	?
932	5	oxygen	NONE	?	?
932	6	oxygen	NONE	?	?
933	1	water	NONE	?	?
933	2	water	DESTROY	?	-
933	3	water	NONE	-	-
933	4	water	NONE	-	-
933	5	water	NONE	-	-
933	1	carbon dioxide	NONE	?	?
933	2	carbon dioxide	NONE	?	?
933	3	carbon dioxide	NONE	?	?
933	4	carbon dioxide	NONE	?	?
933	5	carbon dioxide	NONE	?	?
933	1	mineral based material	NONE	?	?
933	2	mineral based material	NONE	?	?
933	3	mineral based material	NONE	?	?
933	4	mineral based material	NONE	?	?
933	5	mineral based material	NONE	?	?
933	1	rock	NONE	?	?
933	2	rock	NONE	?	?
933	3	rock	NONE	?	?
933	4	rock	NONE	?	?
933	5	rock	NONE	?	?
1031	1	plant or animal	DESTROY	mud or soil	-
1031	2	plant or animal	NONE	-	-
1031	3	plant or animal	NONE	-	-
1031	4	plant or animal	NONE	-	-
1031	5	plant or animal	NONE	-	-
1031	1	bones	NONE	?	?
1031	2	bones	NONE	?	?
1031	3	bones	NONE	?	?
1031	4	bones	NONE	?	?
1031	5	bones	NONE	?	?
1031	1	sediment	NONE	?	?
1031	2	sediment	NONE	?	?
1031	3	sediment	NONE	?	?
1031	4	sediment	DESTROY	?	-
1031	5	sediment	NONE	-	-
1031	1	rock	NONE	-	-
1031	2	rock	NONE	-	-
1031	3	rock	NONE	-	-
1031	4	rock	CREATE	-	rock
1031	5	rock	DESTROY	rock	-
1031	1	fossil	NONE	-	-
1031	2	fossil	NONE	-	-
1031	3	fossil	NONE	-	-
1031	4	fossil	NONE	-	-
1031	5	fossil	CREATE	-	rock
1032	1	animals	DESTROY	wet environment	-
1032	2	animals	NONE	-	-
1032	3	animals	NONE	-	-
1032	4	animals	NONE	-	-
1032	5	animals	NONE	-	-
1032	6	animals	NONE	-	-
1032	1	plants	DESTROY	wet environment	-
1032	2	plants	NONE	-	-
1032	3	plants	NONE	-	-
1032	4	plants	NONE	-	-
1032	5	plants	NONE	-	-
1032	6	plants	NONE	-	-
1032	1	bones and hard tissues ; remains	NONE	?	?
1032	2	bones and hard tissues ; remains	NONE	?	?
1032	3	bones and hard tissues ; remains	NONE	?	?
1032	4	bones and hard tissues ; remains	NONE	?	?
1032	5	bones and hard tissues ; remains	NONE	?	?
1032	6	bones and hard tissues ; remains	NONE	?	?
1032	1	sediment	NONE	-	-
1032	2	sediment	NONE	-	-
1032	3	sediment	NONE	-	-
1032	4	sediment	NONE	-	-
1032	5	sediment	CREATE	-	remains
1032	6	sediment	NONE	remains	remains
1032	1	rock	NONE	?	?
1032	2	rock	NONE	?	?
1032	3	rock	NONE	?	?
1032	4	rock	NONE	?	?
1032	5	rock	NONE	?	?
1032	6	rock	NONE	?	?
1033	1	animal	NONE	?	?
1033	2	animal	NONE	?	?
1033	3	animal	NONE	?	?
1033	4	animal	NONE	?	?
1033	5	animal	NONE	?	?
1033	6	animal	NONE	?	?
1033	1	skeleton	NONE	around the skeleton	around the skeleton
1033	2	skeleton	NONE	around the skeleton	around the skeleton
1033	3	skeleton	NONE	around the skeleton	around the skeleton
1033	4	skeleton	NONE	around the skeleton	around the skeleton
1033	5	skeleton	NONE	around the skeleton	around the skeleton
1033	6	skeleton	DESTROY	around the skeleton	-
1033	1	rock	NONE	-	-
1033	2	rock	NONE	-	-
1033	3	rock	NONE	-	-
1033	4	rock	CREATE	-	around the skeleton
1033	5	rock	NONE	around the skeleton	around the skeleton
1033	6	rock	NONE	around the skeleton	around the skeleton
1033	1	mold	NONE	-	-
1033	2	mold	NONE	-	-
1033	3	mold	NONE	-	-
1033	4	mold	NONE	-	-
1033	5	mold	NONE	-	-
1033	6	mold	CREATE	-	around the skeleton
1145	1	hydrogen fuel	NONE	star	star
1145	2	hydrogen fuel	DESTROY	star	-
1145	3	hydrogen fuel	NONE	-	-
1145	4	hydrogen fuel	NONE	-	-
1145	5	hydrogen fuel	NONE	-	-
1145	1	hydrogen atoms	NONE	?	?
1145	2	hydrogen atoms	NONE	?	?
1145	3	hydrogen atoms	DESTROY	?	-
1145	4	hydrogen atoms	NONE	-	-
1145	5	hydrogen atoms	NONE	-	-
1145	1	helium atoms	NONE	-	-
1145	2	helium atoms	NONE	-	-
1145	3	helium atoms	CREATE	-	?
1145	4	helium atoms	NONE	?	?
1145	5	helium atoms	NONE	?	?
1145	1	red giant star	NONE	?	?
1145	2	red giant star	NONE	?	?
1145	3	red giant star	NONE	?	?
1145	4	red giant star	NONE	?	?
1145	5	red giant star	NONE	?	?
1146	1	star	NONE	space	space
1146	2	star	NONE	space	space
1146	3	star	NONE	space	space
1146	4	star	NONE	space	space
1146	5	star	NONE	space	space
1146	6	star	NONE	space	space
1146	7	star	NONE	space	space
1146	8	star	NONE	space	space
1146	9	star	NONE	space	space
1146	10	star	NONE	space	space
1146	1	hydrogen fuel	NONE	star	star
1146	2	hydrogen fuel	DESTROY	star	-
1146	3	hydrogen fuel	NONE	-	-
1146	4	hydrogen fuel	NONE	-	-
1146	5	hydrogen fuel	NONE	-	-
1146	6	hydrogen fuel	NONE	-	-
1146	7	hydrogen fuel	NONE	-	-
1146	8	hydrogen fuel	NONE	-	-
1146	9	hydrogen fuel	NONE	-	-
1146	10	hydrogen fuel	NONE	-	-
1146	1	hydrogen	NONE	star	star
1146	2	hydrogen	NONE	star	star
1146	3	hydrogen	DESTROY	star	-
1146	4	hydrogen	NONE	-	-
1146	5	hydrogen	NONE	-	-
1146	6	hydrogen	NONE	-	-
1146	7	hydrogen	NONE	-	-
1146	8	hydrogen	NONE	-	-
1146	9	hydrogen	NONE	-	-
1146	10	hydrogen	NONE	-	-
1146	1	helium	NONE	-	-
1146	2	helium	NONE	-	-
1146	3	helium	CREATE	-	star
1146	4	helium	NONE	star	star
1146	5	helium	NONE	star	star
1146	6	helium	NONE	star	star
1146	7	helium	NONE	star	star
1146	8	helium	NONE	star	star
1146	9	helium	NONE	star	star
1146	10	helium	NONE	star	star
1146	1	energy	NONE	?	?
1146	2	energy	NONE	?	?
1146	3	energy	NONE	?	?
1146	4	energy	NONE	?	?
1146	5	energy	NONE	?	?
1146	6	energy	NONE	?	?
1146	7	energy	NONE	?	?
1146	8	energy	NONE	?	?
1146	9	energy	NONE	?	?
1146	10	energy	NONE	?	?
1146	1	carbon atoms	NONE	?	?
1146	2	carbon atoms	NONE	?	?
1146	3	carbon atoms	NONE	?	?
1146	4	carbon atoms	NONE	?	?
1146	5	carbon atoms	NONE	?	?
1146	6	carbon atoms	NONE	?	?
1146	7	carbon atoms	NONE	?	?
1146	8	carbon atoms	NONE	?	?
1146	9	carbon atoms	NONE	?	?
1146	10	carbon atoms	NONE	?	?
1146	1	red giant star	NONE	?	?
1146	2	red giant star	NONE	?	?
1146	3	red giant star	NONE	?	?
1146	4	red giant star	NONE	?	?
1146	5	red giant star	NONE	?	?
1146	6	red giant star	NONE	?	?
1146	7	red giant star	NONE	?	?
1146	8	red giant star	NONE	?	?
1146	9	red giant star	NONE	?	?
1146	10	red giant star	NONE	?	?
1147	1	hydrogen atoms	DESTROY	?	-
1147	2	hydrogen atoms	NONE	-	-
1147	3	hydrogen atoms	NONE	-	-
1147	4	hydrogen atoms	NONE	-	-
1147	5	hydrogen atoms	NONE	-	-
1147	6	hydrogen atoms	NONE	-	-
1147	1	helium atoms	CREATE	-	?
1147	2	helium atoms	NONE	?	?
1147	3	helium atoms	NONE	?	?
1147	4	helium atoms	DESTROY	?	-
1147	5	helium atoms	NONE	-	-
1147	6	helium atoms	NONE	-	-
1147	1	hydrogen	NONE	star	star
1147	2	hydrogen	NONE	star	star
1147	3	hydrogen	DESTROY	star	-
1147	4	hydrogen	CREATE	-	star
1147	5	hydrogen	DESTROY	star	-
1147	6	hydrogen	CREATE	-	star
1147	1	helium	NONE	-	-
1147	2	helium	CREATE	-	star
1147	3	helium	NONE	star	star
1147	4	helium	NONE	star	star
1147	5	helium	NONE	star	star
1147	6	helium	NONE	star	star
1147	1	star	NONE	?	?
1147	2	star	NONE	?	?
1147	3	star	NONE	?	?
1147	4	star	NONE	?	?
1147	5	star	NONE	?	?
1147	6	star	NONE	?	?
1147	1	carbon atoms	NONE	-	-
1147	2	carbon atoms	NONE	-	-
1147	3	carbon atoms	NONE	-	-
1147	4	carbon atoms	CREATE	-	?
1147	5	carbon atoms	NONE	?	?
1147	6	carbon atoms	NONE	?	?
1147	1	red giant star	NONE	?	?
1147	2	red giant star	NONE	?	?
1147	3	red giant star	NONE	?	?
1147	4	red giant star	NONE	?	?
1147	5	red giant star	NONE	?	?
1147	6	red giant star	NONE	?	?
1188	1	comet	MOVE	?	planet 's atmosphere
1188	2	comet	NONE	planet 's atmosphere	planet 's atmosphere
1188	3	comet	NONE	planet 's atmosphere	planet 's atmosphere
1188	4	comet	NONE	planet 's atmosphere	planet 's atmosphere
1188	5	comet	NONE	planet 's atmosphere	planet 's atmosphere
1188	1	hole; crater	NONE	-	-
1188	2	hole; crater	NONE	-	-
1188	3	hole; crater	NONE	-	-
1188	4	hole; crater	NONE	-	-
1188	5	hole; crater	CREATE	-	planet
1189	1	chunks of rock	NONE	atmosphere	atmosphere
1189	2	chunks of rock	NONE	atmosphere	atmosphere
1189	3	chunks of rock	NONE	atmosphere	atmosphere
1189	4	chunks of rock	NONE	atmosphere	atmosphere
1189	5	chunks of rock	NONE	atmosphere	atmosphere
1189	6	chunks of rock	NONE	atmosphere	atmosphere
1189	1	crater	NONE	?	?
1189	2	crater	NONE	?	?
1189	3	crater	NONE	?	?
1189	4	crater	NONE	?	?
1189	5	crater	NONE	?	?
1189	6	crater	NONE	?	?
1190	1	oxygenated blood	NONE	left atrium	left atrium
1190	2	oxygenated blood	NONE	left atrium	left atrium
1190	3	oxygenated blood	NONE	left atrium	left atrium
1190	4	oxygenated blood	NONE	left atrium	left atrium
1190	5	oxygenated blood	NONE	left atrium	left atrium
1190	6	oxygenated blood	NONE	left atrium	left atrium
1190	7	oxygenated blood	NONE	left atrium	left atrium
1190	8	oxygenated blood	NONE	left atrium	left atrium
1190	9	oxygenated blood	NONE	left atrium	left atrium
1190	10	oxygenated blood	NONE	left atrium	left atrium
1190	1	deoxygenated blood	NONE	?	?
1190	2	deoxygenated blood	NONE	?	?
1190	3	deoxygenated blood	NONE	?	?
1190	4	deoxygenated blood	NONE	?	?
1190	5	deoxygenated blood	NONE	?	?
1190	6	deoxygenated blood	NONE	?	?
1190	7	deoxygenated blood	NONE	?	?
1190	8	deoxygenated blood	NONE	?	?
1190	9	deoxygenated blood	NONE	?	?
1190	10	deoxygenated blood	NONE	?	?
1190	1	oxygen	NONE	?	?
1190	2	oxygen	NONE	?	?
1190	3	oxygen	NONE	?	?
1190	4	oxygen	MOVE	?	blood
1190	5	oxygen	NONE	blood	blood
1190	6	oxygen	NONE	blood	blood
1190	7	oxygen	NONE	blood	blood
1190	8	oxygen	NONE	blood	blood
1190	9	oxygen	NONE	blood	blood
1190	10	oxygen	NONE	blood	blood
1240	1	Air	NONE	?	?
1240	2	Air	NONE	?	?
1240	3	Air	NONE	?	?
1240	4	Air	NONE	?	?
1240	5	Air	NONE	?	?
1240	6	Air	NONE	?	?
1240	7	Air	NONE	?	?
1240	8	Air	NONE	?	?
1240	1	Heat	NONE	?	?
1240	2	Heat	MOVE	?	refrigerant
1240	3	Heat	NONE	refrigerant	refrigerant
1240	4	Heat	NONE	refrigerant	refrigerant
1240	5	Heat	NONE	refrigerant	refrigerant
1240	6	Heat	NONE	refrigerant	refrigerant
1240	7	Heat	NONE	refrigerant	refrigerant
1240	8	Heat	NONE	refrigerant	refrigerant
1240	1	Refrigerent Liquid	NONE	?	?
1240	2	Refrigerent Liquid	NONE	?	?
1240	3	Refrigerent Liquid	NONE	?	?
1240	4	Refrigerent Liquid	NONE	?	?
1240	5	Refrigerent Liquid	NONE	?	?
1240	6	Refrigerent Liquid	NONE	?	?
1240	7	Refrigerent Liquid	NONE	?	?
1240	8	Refrigerent Liquid	NONE	?	?
1240	1	Refrigerent Gas	NONE	?	?
1240	2	Refrigerent Gas	NONE	?	?
1240	3	Refrigerent Gas	NONE	?	?
1240	4	Refrigerent Gas	NONE	?	?
1240	5	Refrigerent Gas	NONE	?	?
1240	6	Refrigerent Gas	NONE	?	?
1240	7	Refrigerent Gas	NONE	?	?
1240	8	Refrigerent Gas	NONE	?	?
1240	1	Liquid	NONE	-	-
1240	2	Liquid	NONE	-	-
1240	3	Liquid	NONE	-	-
1240	4	Liquid	NONE	-	-
1240	5	Liquid	NONE	-	-
1240	6	Liquid	CREATE	-	air
1240	7	Liquid	MOVE	air	gas
1240	8	Liquid	MOVE	gas	evaporator
